tasks, cores, execution time
128, 256, 1287.3756001
256, 512, 1300.77149987
512, 1024, 1326.18319988
1024, 2048, 1324.81560016
2048, 4096, 1370.44120002
