tasks, cores, execution time
128, 256, 1287.3756001
128, 256, 1961.75740027
128, 256, 2611.84870005
128, 256, 3384.55259991
