tasks, cores, execution time
2048, 256, 11196.3558002
2048, 1024, 3304.84720016
2048, 2048, 2031.80439997
2048, 4096, 1370.44120002
